id,cours_id,jour,periode_index,heure_debut,heure_fin,salle
1,1,lundi,1,08:15,09:05,105
2,2,lundi,1,08:15,09:05,
3,3,lundi,1,08:15,09:05,
4,4,lundi,1,08:15,09:05,
5,5,lundi,1,08:15,09:05,
6,6,lundi,1,08:15,09:05,205
7,7,lundi,1,08:15,09:05,112
8,8,lundi,1,08:15,09:05,
9,9,lundi,1,08:15,09:05,403
10,10,lundi,1,08:15,09:05,
11,11,lundi,1,08:15,09:05,108
12,12,lundi,1,08:15,09:05,109
13,13,lundi,1,08:15,09:05,213
14,14,lundi,1,08:15,09:05,102
15,15,lundi,1,08:15,09:05,
16,16,lundi,1,08:15,09:05,
17,17,lundi,1,08:15,09:05,214
18,18,lundi,1,08:15,09:05,
19,19,lundi,1,08:15,09:05,
20,20,lundi,1,08:15,09:05,<Gym>
21,20,lundi,2,09:05,09:55,<Gym>
22,21,lundi,1,08:15,09:05,<Gym>
23,21,lundi,2,09:05,09:55,<Gym>
24,22,lundi,1,08:15,09:05,
25,23,lundi,1,08:15,09:05,
26,24,lundi,1,08:15,09:05,
27,25,lundi,1,08:15,09:05,
28,26,lundi,1,08:15,09:05,
29,27,lundi,1,08:15,09:05,
30,28,lundi,1,08:15,09:05,
31,29,lundi,1,08:15,09:05,
32,30,lundi,2,09:05,09:55,105
33,31,lundi,2,09:05,09:55,
34,32,lundi,2,09:05,09:55,204
35,33,lundi,2,09:05,09:55,203
36,5,lundi,2,09:05,09:55,
37,34,lundi,2,09:05,09:55,205
38,35,lundi,2,09:05,09:55,201
39,36,lundi,2,09:05,09:55,312
40,37,lundi,2,09:05,09:55,
41,38,lundi,2,09:05,09:55,
42,39,lundi,2,09:05,09:55,403
43,40,lundi,2,09:05,09:55,108
44,41,lundi,2,09:05,09:55,109
45,42,lundi,2,09:05,09:55,104
46,43,lundi,2,09:05,09:55,
47,44,lundi,2,09:05,09:55,
48,45,lundi,2,09:05,09:55,102
49,46,lundi,2,09:05,09:55,
50,47,lundi,2,09:05,09:55,603
51,48,lundi,2,09:05,09:55,
52,49,lundi,2,09:05,09:55,
53,50,lundi,2,09:05,09:55,<Gym>
54,50,lundi,3,09:55,10:45,<Gym>
55,51,lundi,2,09:05,09:55,<Gym>
56,51,lundi,3,09:55,10:45,<Gym>
57,52,lundi,2,09:05,09:55,
58,53,lundi,2,09:05,09:55,
59,53,lundi,3,09:55,10:45,
60,54,lundi,2,09:05,09:55,
61,54,lundi,3,09:55,10:45,
62,55,lundi,2,09:05,09:55,
63,55,lundi,3,09:55,10:45,
64,56,lundi,2,09:05,09:55,
65,56,lundi,3,09:55,10:45,
66,57,lundi,2,09:05,09:55,
67,57,lundi,3,09:55,10:45,
68,58,lundi,2,09:05,09:55,
69,58,lundi,3,09:55,10:45,
70,59,lundi,2,09:05,09:55,
71,59,lundi,3,09:55,10:45,
72,60,lundi,2,09:05,09:55,
73,60,lundi,3,09:55,10:45,
74,61,lundi,2,09:05,09:55,
75,62,lundi,2,09:05,09:55,
76,63,lundi,2,09:05,09:55,
77,64,lundi,3,09:55,10:45,105
78,65,lundi,3,09:55,10:45,
79,66,lundi,3,09:55,10:45,204
80,67,lundi,3,09:55,10:45,
81,68,lundi,3,09:55,10:45,203
82,34,lundi,3,09:55,10:45,205
83,69,lundi,3,09:55,10:45,201
84,37,lundi,3,09:55,10:45,
85,38,lundi,3,09:55,10:45,
86,39,lundi,3,09:55,10:45,403
87,70,lundi,3,09:55,10:45,107
88,40,lundi,3,09:55,10:45,108
89,41,lundi,3,09:55,10:45,109
90,42,lundi,3,09:55,10:45,104
91,71,lundi,3,09:55,10:45,
92,72,lundi,3,09:55,10:45,
93,73,lundi,3,09:55,10:45,102
94,61,lundi,3,09:55,10:45,
95,74,lundi,3,09:55,10:45,
96,75,lundi,3,09:55,10:45,405
97,48,lundi,3,09:55,10:45,
98,76,lundi,3,09:55,10:45,
99,77,lundi,3,09:55,10:45,
100,78,lundi,3,09:55,10:45,
101,44,lundi,3,09:55,10:45,
102,79,lundi,3,09:55,10:45,
103,63,lundi,3,09:55,10:45,
104,80,lundi,4,11:00,11:50,105
105,81,lundi,4,11:00,11:50,
106,82,lundi,4,11:00,11:50,
107,83,lundi,4,11:00,11:50,204
108,84,lundi,4,11:00,11:50,203
109,85,lundi,4,11:00,11:50,
110,86,lundi,4,11:00,11:50,205
111,87,lundi,4,11:00,11:50,208
112,88,lundi,4,11:00,11:50,112
113,89,lundi,4,11:00,11:50,312
114,90,lundi,4,11:00,11:50,
115,91,lundi,4,11:00,11:50,107
116,11,lundi,4,11:00,11:50,108
117,92,lundi,4,11:00,11:50,109
118,93,lundi,4,11:00,11:50,104
119,94,lundi,4,11:00,11:50,
120,95,lundi,4,11:00,11:50,213
121,73,lundi,4,11:00,11:50,102
122,96,lundi,4,11:00,11:50,
123,97,lundi,4,11:00,11:50,
124,98,lundi,4,11:00,11:50,214
125,99,lundi,4,11:00,11:50,
126,100,lundi,4,11:00,11:50,
127,101,lundi,4,11:00,11:50,
128,102,lundi,4,11:00,11:50,<Gym>
129,102,lundi,5,11:50,12:40,<Gym>
130,103,lundi,4,11:00,11:50,Gym 1
131,103,lundi,5,11:50,12:40,Gym 1
132,104,lundi,4,11:00,11:50,
133,105,lundi,4,11:00,11:50,
134,106,lundi,4,11:00,11:50,
135,107,lundi,4,11:00,11:50,
136,107,lundi,5,11:50,12:40,
137,108,lundi,4,11:00,11:50,
138,108,lundi,5,11:50,12:40,
139,109,lundi,4,11:00,11:50,
140,109,lundi,5,11:50,12:40,
141,110,lundi,4,11:00,11:50,
142,110,lundi,5,11:50,12:40,
143,111,lundi,4,11:00,11:50,
144,111,lundi,5,11:50,12:40,
145,112,lundi,4,11:00,11:50,
146,112,lundi,5,11:50,12:40,
147,113,lundi,4,11:00,11:50,
148,113,lundi,5,11:50,12:40,
149,114,lundi,4,11:00,11:50,
150,114,lundi,5,11:50,12:40,
151,115,lundi,4,11:00,11:50,
152,115,lundi,5,11:50,12:40,
153,116,lundi,4,11:00,11:50,
154,117,lundi,4,11:00,11:50,
155,117,lundi,5,11:50,12:40,
156,18,lundi,5,11:50,12:40,
157,118,lundi,5,11:50,12:40,
158,83,lundi,5,11:50,12:40,204
159,84,lundi,5,11:50,12:40,203
160,85,lundi,5,11:50,12:40,
161,86,lundi,5,11:50,12:40,205
162,119,lundi,5,11:50,12:40,
163,87,lundi,5,11:50,12:40,208
164,88,lundi,5,11:50,12:40,112
165,89,lundi,5,11:50,12:40,312
166,90,lundi,5,11:50,12:40,
167,91,lundi,5,11:50,12:40,106
168,120,lundi,5,11:50,12:40,108
169,92,lundi,5,11:50,12:40,109
170,13,lundi,5,11:50,12:40,213
171,121,lundi,5,11:50,12:40,102
172,16,lundi,5,11:50,12:40,
173,122,lundi,5,11:50,12:40,
174,123,lundi,5,11:50,12:40,404
175,124,lundi,5,11:50,12:40,
176,125,lundi,5,11:50,12:40,
177,126,lundi,5,11:50,12:40,
178,104,lundi,5,11:50,12:40,
179,105,lundi,5,11:50,12:40,
180,106,lundi,5,11:50,12:40,
181,127,lundi,7,13:40,14:30,
182,119,lundi,7,13:40,14:30,
183,128,lundi,7,13:40,14:30,112
184,129,lundi,7,13:40,14:30,312
185,130,lundi,7,13:40,14:30,311
186,9,lundi,7,13:40,14:30,403
187,131,lundi,7,13:40,14:30,409
188,132,lundi,7,13:40,14:30,
189,133,lundi,7,13:40,14:30,
190,134,lundi,7,13:40,14:30,106
191,135,lundi,7,13:40,14:30,107
192,136,lundi,7,13:40,14:30,108
193,137,lundi,7,13:40,14:30,104
194,138,lundi,7,13:40,14:30,109
195,139,lundi,7,13:40,14:30,
196,140,lundi,7,13:40,14:30,
197,15,lundi,7,13:40,14:30,
198,141,lundi,7,13:40,14:30,
199,142,lundi,7,13:40,14:30,
200,143,lundi,7,13:40,14:30,410
201,144,lundi,7,13:40,14:30,
202,145,lundi,7,13:40,14:30,
203,49,lundi,7,13:40,14:30,
204,146,lundi,7,13:40,14:30,
205,147,lundi,7,13:40,14:30,
206,148,lundi,7,13:40,14:30,
207,149,lundi,7,13:40,14:30,<Gym>
208,149,lundi,8,14:30,15:20,<Gym>
209,150,lundi,7,13:40,14:30,<Gym>
210,150,lundi,8,14:30,15:20,<Gym>
211,151,lundi,7,13:40,14:30,<Gym>
212,151,lundi,8,14:30,15:20,<Gym>
213,152,lundi,7,13:40,14:30,
214,153,lundi,7,13:40,14:30,
215,154,lundi,7,13:40,14:30,
216,155,lundi,7,13:40,14:30,
217,156,lundi,7,13:40,14:30,102
218,24,lundi,7,13:40,14:30,
219,25,lundi,7,13:40,14:30,
220,26,lundi,7,13:40,14:30,
221,157,lundi,7,13:40,14:30,
222,28,lundi,7,13:40,14:30,
223,29,lundi,7,13:40,14:30,
224,158,lundi,7,13:40,14:30,
225,159,lundi,8,14:30,15:20,
226,67,lundi,8,14:30,15:20,
227,160,lundi,8,14:30,15:20,112
228,35,lundi,8,14:30,15:20,201
229,161,lundi,8,14:30,15:20,311
230,162,lundi,8,14:30,15:20,
231,163,lundi,8,14:30,15:20,
232,164,lundi,8,14:30,15:20,
233,165,lundi,8,14:30,15:20,
234,134,lundi,8,14:30,15:20,106
235,135,lundi,8,14:30,15:20,107
236,136,lundi,8,14:30,15:20,108
237,12,lundi,8,14:30,15:20,109
238,166,lundi,8,14:30,15:20,
239,140,lundi,8,14:30,15:20,
240,121,lundi,8,14:30,15:20,102
241,167,lundi,8,14:30,15:20,
242,168,lundi,8,14:30,15:20,
243,169,lundi,8,14:30,15:20,
244,142,lundi,8,14:30,15:20,
245,170,lundi,8,14:30,15:20,
246,171,lundi,8,14:30,15:20,410
247,172,lundi,8,14:30,15:20,301
248,173,lundi,8,14:30,15:20,
249,174,lundi,8,14:30,15:20,
250,175,lundi,8,14:30,15:20,
251,176,lundi,8,14:30,15:20,
252,153,lundi,8,14:30,15:20,
253,154,lundi,8,14:30,15:20,
254,177,lundi,8,14:30,15:20,
255,178,lundi,8,14:30,15:20,
256,179,lundi,8,14:30,15:20,
257,180,lundi,8,14:30,15:20,
258,181,lundi,8,14:30,15:20,
259,182,lundi,8,14:30,15:20,
260,183,lundi,8,14:30,15:20,
261,184,lundi,8,14:30,15:20,<Gym>
262,184,lundi,9,15:20,16:10,<Gym>
263,185,lundi,8,14:30,15:20,<Gym>
264,185,lundi,9,15:20,16:10,<Gym>
265,186,lundi,9,15:20,16:10,
266,5,lundi,9,15:20,16:10,
267,7,lundi,9,15:20,16:10,112
268,187,lundi,9,15:20,16:10,
269,161,lundi,9,15:20,16:10,311
270,163,lundi,9,15:20,16:10,
271,164,lundi,9,15:20,16:10,
272,165,lundi,9,15:20,16:10,
273,188,lundi,9,15:20,16:10,106
274,70,lundi,9,15:20,16:10,107
275,189,lundi,9,15:20,16:10,
276,122,lundi,9,15:20,16:10,
277,190,lundi,9,15:20,16:10,
278,171,lundi,9,15:20,16:10,410
279,172,lundi,9,15:20,16:10,301
280,191,lundi,9,15:20,16:10,
281,192,lundi,9,15:20,16:10,
282,148,lundi,9,15:20,16:10,
283,193,lundi,9,15:20,16:10,<Gym>
284,194,lundi,9,15:20,16:10,
285,178,lundi,9,15:20,16:10,
286,179,lundi,9,15:20,16:10,
287,180,lundi,9,15:20,16:10,
288,181,lundi,9,15:20,16:10,
289,182,lundi,9,15:20,16:10,
290,183,lundi,9,15:20,16:10,
291,195,lundi,10,16:10,17:00,
292,196,lundi,10,16:10,17:00,311
293,197,lundi,10,16:10,17:00,409
294,10,lundi,10,16:10,17:00,
295,133,lundi,10,16:10,17:00,
296,188,lundi,10,16:10,17:00,106
297,198,lundi,10,16:10,17:00,
298,199,lundi,10,16:10,17:00,
299,191,lundi,10,16:10,17:00,
300,200,lundi,10,16:10,17:00,
301,201,lundi,10,16:10,17:00,
302,202,lundi,10,16:10,17:00,
303,203,lundi,10,16:10,17:00,
304,204,lundi,10,16:10,17:00,
305,205,mardi,1,08:15,09:05,106
306,206,mardi,1,08:15,09:05,107
307,136,mardi,1,08:15,09:05,108
308,92,mardi,1,08:15,09:05,109
309,207,mardi,1,08:15,09:05,213
310,46,mardi,1,08:15,09:05,102
311,208,mardi,1,08:15,09:05,207
312,209,mardi,1,08:15,09:05,
313,144,mardi,1,08:15,09:05,
314,210,mardi,1,08:15,09:05,13
315,211,mardi,1,08:15,09:05,
316,212,mardi,1,08:15,09:05,
317,213,mardi,1,08:15,09:05,309
318,214,mardi,1,08:15,09:05,111
319,215,mardi,1,08:15,09:05,
320,216,mardi,1,08:15,09:05,<Gym>
321,216,mardi,2,09:05,09:55,<Gym>
322,217,mardi,1,08:15,09:05,<Gym>
323,217,mardi,2,09:05,09:55,<Gym>
324,218,mardi,1,08:15,09:05,
325,219,mardi,1,08:15,09:05,
326,220,mardi,1,08:15,09:05,
327,221,mardi,1,08:15,09:05,
328,222,mardi,1,08:15,09:05,
329,223,mardi,1,08:15,09:05,
330,224,mardi,1,08:15,09:05,
331,225,mardi,1,08:15,09:05,
332,226,mardi,1,08:15,09:05,
333,227,mardi,1,08:15,09:05,
334,228,mardi,1,08:15,09:05,
335,158,mardi,1,08:15,09:05,
336,229,mardi,1,08:15,09:05,
337,230,mardi,1,08:15,09:05,
338,204,mardi,1,08:15,09:05,
339,231,mardi,1,08:15,09:05,<Gym>
340,231,mardi,2,09:05,09:55,<Gym>
341,232,mardi,1,08:15,09:05,<Gym>
342,232,mardi,2,09:05,09:55,<Gym>
343,233,mardi,1,08:15,09:05,301
344,234,mardi,1,08:15,09:05,601
345,235,mardi,1,08:15,09:05,214
346,236,mardi,1,08:15,09:05,
347,5,mardi,2,09:05,09:55,
348,237,mardi,2,09:05,09:55,205
349,39,mardi,2,09:05,09:55,403
350,133,mardi,2,09:05,09:55,
351,238,mardi,2,09:05,09:55,106
352,239,mardi,2,09:05,09:55,107
353,40,mardi,2,09:05,09:55,108
354,240,mardi,2,09:05,09:55,109
355,241,mardi,2,09:05,09:55,213
356,242,mardi,2,09:05,09:55,102
357,243,mardi,2,09:05,09:55,
358,61,mardi,2,09:05,09:55,
359,198,mardi,2,09:05,09:55,
360,208,mardi,2,09:05,09:55,207
361,199,mardi,2,09:05,09:55,
362,98,mardi,2,09:05,09:55,214
363,244,mardi,2,09:05,09:55,410
364,210,mardi,2,09:05,09:55,13
365,245,mardi,2,09:05,09:55,
366,211,mardi,2,09:05,09:55,
367,175,mardi,2,09:05,09:55,
368,246,mardi,2,09:05,09:55,309
369,247,mardi,2,09:05,09:55,111
370,218,mardi,2,09:05,09:55,
371,219,mardi,2,09:05,09:55,
372,220,mardi,2,09:05,09:55,
373,221,mardi,2,09:05,09:55,
374,222,mardi,2,09:05,09:55,
375,223,mardi,2,09:05,09:55,
376,224,mardi,2,09:05,09:55,
377,225,mardi,2,09:05,09:55,
378,226,mardi,2,09:05,09:55,
379,248,mardi,2,09:05,09:55,
380,249,mardi,2,09:05,09:55,
381,250,mardi,2,09:05,09:55,
382,204,mardi,2,09:05,09:55,
383,251,mardi,2,09:05,09:55,
384,252,mardi,2,09:05,09:55,301
385,253,mardi,3,09:55,10:45,202
386,254,mardi,3,09:55,10:45,
387,255,mardi,3,09:55,10:45,205
388,87,mardi,3,09:55,10:45,208
389,37,mardi,3,09:55,10:45,
390,131,mardi,3,09:55,10:45,409
391,90,mardi,3,09:55,10:45,
392,238,mardi,3,09:55,10:45,106
393,70,mardi,3,09:55,10:45,107
394,95,mardi,3,09:55,10:45,213
395,73,mardi,3,09:55,10:45,102
396,96,mardi,3,09:55,10:45,
397,243,mardi,3,09:55,10:45,
398,15,mardi,3,09:55,10:45,
399,141,mardi,3,09:55,10:45,
400,198,mardi,3,09:55,10:45,
401,256,mardi,3,09:55,10:45,209
402,47,mardi,3,09:55,10:45,603
403,199,mardi,3,09:55,10:45,
404,257,mardi,3,09:55,10:45,214
405,27,mardi,3,09:55,10:45,
406,143,mardi,3,09:55,10:45,410
407,258,mardi,3,09:55,10:45,301
408,192,mardi,3,09:55,10:45,
409,259,mardi,3,09:55,10:45,309
410,260,mardi,3,09:55,10:45,
411,261,mardi,3,09:55,10:45,<Gym>
412,262,mardi,3,09:55,10:45,<Gym>
413,44,mardi,3,09:55,10:45,
414,263,mardi,3,09:55,10:45,
415,264,mardi,3,09:55,10:45,
416,265,mardi,3,09:55,10:45,
417,266,mardi,3,09:55,10:45,
418,267,mardi,3,09:55,10:45,
419,268,mardi,3,09:55,10:45,
420,116,mardi,3,09:55,10:45,
421,269,mardi,3,09:55,10:45,
422,270,mardi,3,09:55,10:45,
423,271,mardi,3,09:55,10:45,
424,272,mardi,3,09:55,10:45,
425,67,mardi,4,11:00,11:50,
426,68,mardi,4,11:00,11:50,203
427,273,mardi,4,11:00,11:50,202
428,197,mardi,4,11:00,11:50,409
429,274,mardi,4,11:00,11:50,
430,163,mardi,4,11:00,11:50,
431,70,mardi,4,11:00,11:50,107
432,275,mardi,4,11:00,11:50,108
433,138,mardi,4,11:00,11:50,109
434,276,mardi,4,11:00,11:50,102
435,141,mardi,4,11:00,11:50,
436,277,mardi,4,11:00,11:50,
437,17,mardi,4,11:00,11:50,214
438,278,mardi,4,11:00,11:50,410
439,279,mardi,4,11:00,11:50,
440,280,mardi,4,11:00,11:50,309
441,281,mardi,4,11:00,11:50,
442,282,mardi,4,11:00,11:50,
443,283,mardi,4,11:00,11:50,
444,284,mardi,4,11:00,11:50,
445,285,mardi,4,11:00,11:50,<Gym>
446,285,mardi,5,11:50,12:40,<Gym>
447,286,mardi,4,11:00,11:50,<Gym>
448,286,mardi,5,11:50,12:40,<Gym>
449,287,mardi,4,11:00,11:50,
450,288,mardi,4,11:00,11:50,
451,289,mardi,4,11:00,11:50,
452,290,mardi,4,11:00,11:50,
453,140,mardi,4,11:00,11:50,
454,153,mardi,4,11:00,11:50,
455,291,mardi,4,11:00,11:50,
456,292,mardi,4,11:00,11:50,
457,293,mardi,4,11:00,11:50,
458,294,mardi,4,11:00,11:50,
459,295,mardi,4,11:00,11:50,
460,295,mardi,5,11:50,12:40,
461,296,mardi,4,11:00,11:50,
462,296,mardi,5,11:50,12:40,
463,297,mardi,4,11:00,11:50,
464,297,mardi,5,11:50,12:40,
465,298,mardi,4,11:00,11:50,
466,298,mardi,5,11:50,12:40,
467,299,mardi,4,11:00,11:50,
468,299,mardi,5,11:50,12:40,
469,300,mardi,4,11:00,11:50,
470,300,mardi,5,11:50,12:40,
471,301,mardi,4,11:00,11:50,<Gym>
472,301,mardi,5,11:50,12:40,<Gym>
473,302,mardi,4,11:00,11:50,<Gym>
474,302,mardi,5,11:50,12:40,<Gym>
475,68,mardi,5,11:50,12:40,203
476,253,mardi,5,11:50,12:40,202
477,255,mardi,5,11:50,12:40,205
478,9,mardi,5,11:50,12:40,403
479,197,mardi,5,11:50,12:40,409
480,274,mardi,5,11:50,12:40,
481,163,mardi,5,11:50,12:40,
482,120,mardi,5,11:50,12:40,108
483,93,mardi,5,11:50,12:40,104
484,242,mardi,5,11:50,12:40,102
485,96,mardi,5,11:50,12:40,
486,277,mardi,5,11:50,12:40,
487,303,mardi,5,11:50,12:40,209
488,278,mardi,5,11:50,12:40,410
489,304,mardi,5,11:50,12:40,301
490,305,mardi,5,11:50,12:40,309
491,292,mardi,5,11:50,12:40,
492,306,mardi,5,11:50,12:40,
493,307,mardi,5,11:50,12:40,
494,308,mardi,5,11:50,12:40,
495,140,mardi,5,11:50,12:40,
496,153,mardi,5,11:50,12:40,
497,309,mardi,5,11:50,12:40,
498,293,mardi,5,11:50,12:40,
499,294,mardi,5,11:50,12:40,
500,310,mardi,5,11:50,12:40,
501,269,mardi,5,11:50,12:40,
502,311,mardi,5,11:50,12:40,
503,312,mardi,5,11:50,12:40,
504,313,mardi,5,11:50,12:40,
505,314,mardi,7,13:40,14:30,105
506,315,mardi,7,13:40,14:30,
507,316,mardi,7,13:40,14:30,
508,317,mardi,7,13:40,14:30,
509,67,mardi,7,13:40,14:30,
510,33,mardi,7,13:40,14:30,203
511,119,mardi,7,13:40,14:30,
512,318,mardi,7,13:40,14:30,112
513,132,mardi,7,13:40,14:30,
514,319,mardi,7,13:40,14:30,
515,319,mardi,8,14:30,15:20,
516,320,mardi,7,13:40,14:30,106
517,136,mardi,7,13:40,14:30,108
518,138,mardi,7,13:40,14:30,109
519,93,mardi,7,13:40,14:30,104
520,95,mardi,7,13:40,14:30,213
521,121,mardi,7,13:40,14:30,102
522,321,mardi,7,13:40,14:30,
523,74,mardi,7,13:40,14:30,
524,322,mardi,7,13:40,14:30,
525,323,mardi,7,13:40,14:30,
526,324,mardi,7,13:40,14:30,
527,325,mardi,7,13:40,14:30,
528,76,mardi,7,13:40,14:30,
529,19,mardi,7,13:40,14:30,
530,149,mardi,7,13:40,14:30,<Gym>
531,150,mardi,7,13:40,14:30,<Gym>
532,151,mardi,7,13:40,14:30,<Gym>
533,326,mardi,7,13:40,14:30,
534,327,mardi,7,13:40,14:30,
535,328,mardi,7,13:40,14:30,
536,329,mardi,7,13:40,14:30,
537,330,mardi,7,13:40,14:30,
538,330,mardi,8,14:30,15:20,
539,331,mardi,7,13:40,14:30,
540,331,mardi,8,14:30,15:20,
541,61,mardi,7,13:40,14:30,
542,332,mardi,7,13:40,14:30,
543,333,mardi,7,13:40,14:30,
544,117,mardi,7,13:40,14:30,
545,334,mardi,7,13:40,14:30,<Gym>
546,334,mardi,8,14:30,15:20,<Gym>
547,335,mardi,7,13:40,14:30,<Gym>
548,335,mardi,8,14:30,15:20,<Gym>
549,336,mardi,8,14:30,15:20,105
550,337,mardi,8,14:30,15:20,
551,338,mardi,8,14:30,15:20,
552,84,mardi,8,14:30,15:20,203
553,85,mardi,8,14:30,15:20,
554,6,mardi,8,14:30,15:20,205
555,88,mardi,8,14:30,15:20,112
556,69,mardi,8,14:30,15:20,201
557,132,mardi,8,14:30,15:20,
558,320,mardi,8,14:30,15:20,106
559,120,mardi,8,14:30,15:20,108
560,92,mardi,8,14:30,15:20,109
561,42,mardi,8,14:30,15:20,104
562,339,mardi,8,14:30,15:20,
563,321,mardi,8,14:30,15:20,
564,74,mardi,8,14:30,15:20,
565,322,mardi,8,14:30,15:20,
566,340,mardi,8,14:30,15:20,207
567,234,mardi,8,14:30,15:20,601
568,328,mardi,8,14:30,15:20,
569,329,mardi,8,14:30,15:20,
570,124,mardi,8,14:30,15:20,
571,341,mardi,8,14:30,15:20,309
572,342,mardi,8,14:30,15:20,111
573,343,mardi,8,14:30,15:20,
574,344,mardi,8,14:30,15:20,
575,317,mardi,8,14:30,15:20,
576,345,mardi,8,14:30,15:20,
577,323,mardi,8,14:30,15:20,
578,324,mardi,8,14:30,15:20,
579,325,mardi,8,14:30,15:20,
580,346,mardi,8,14:30,15:20,
581,347,mardi,8,14:30,15:20,
582,348,mardi,8,14:30,15:20,
583,349,mardi,9,15:20,16:10,
584,350,mardi,9,15:20,16:10,
585,84,mardi,9,15:20,16:10,203
586,5,mardi,9,15:20,16:10,
587,6,mardi,9,15:20,16:10,205
588,351,mardi,9,15:20,16:10,201
589,38,mardi,9,15:20,16:10,
590,162,mardi,9,15:20,16:10,
591,165,mardi,9,15:20,16:10,
592,11,mardi,9,15:20,16:10,108
593,352,mardi,9,15:20,16:10,
594,353,mardi,9,15:20,16:10,<Gym>
595,353,mardi,10,16:10,17:00,<Gym>
596,354,mardi,9,15:20,16:10,102
597,168,mardi,9,15:20,16:10,
598,16,mardi,9,15:20,16:10,
599,142,mardi,9,15:20,16:10,
600,340,mardi,9,15:20,16:10,207
601,355,mardi,9,15:20,16:10,410
602,356,mardi,9,15:20,16:10,301
603,357,mardi,9,15:20,16:10,
604,245,mardi,9,15:20,16:10,
605,358,mardi,9,15:20,16:10,
606,359,mardi,9,15:20,16:10,
607,23,mardi,9,15:20,16:10,
608,360,mardi,9,15:20,16:10,309
609,272,mardi,9,15:20,16:10,
610,361,mardi,9,15:20,16:10,
611,343,mardi,9,15:20,16:10,
612,362,mardi,9,15:20,16:10,
613,363,mardi,9,15:20,16:10,
614,364,mardi,9,15:20,16:10,
615,365,mardi,9,15:20,16:10,
616,366,mardi,9,15:20,16:10,
617,366,mardi,10,16:10,17:00,
618,367,mardi,9,15:20,16:10,
619,367,mardi,10,16:10,17:00,
620,368,mardi,9,15:20,16:10,
621,368,mardi,10,16:10,17:00,
622,155,mardi,9,15:20,16:10,
623,155,mardi,10,16:10,17:00,
624,62,mardi,9,15:20,16:10,
625,369,mardi,10,16:10,17:00,
626,370,mardi,10,16:10,17:00,
627,351,mardi,10,16:10,17:00,201
628,165,mardi,10,16:10,17:00,
629,142,mardi,10,16:10,17:00,
630,355,mardi,10,16:10,17:00,410
631,356,mardi,10,16:10,17:00,301
632,357,mardi,10,16:10,17:00,
633,363,mardi,10,16:10,17:00,
634,364,mardi,10,16:10,17:00,
635,365,mardi,10,16:10,17:00,
636,371,mardi,10,16:10,17:00,
637,372,mercredi,1,08:15,09:05,105
638,119,mercredi,1,08:15,09:05,
639,87,mercredi,1,08:15,09:05,208
640,87,mercredi,2,09:05,09:55,208
641,373,mercredi,1,08:15,09:05,112
642,130,mercredi,1,08:15,09:05,311
643,38,mercredi,1,08:15,09:05,
644,131,mercredi,1,08:15,09:05,409
645,206,mercredi,1,08:15,09:05,107
646,93,mercredi,1,08:15,09:05,104
647,207,mercredi,1,08:15,09:05,213
648,374,mercredi,1,08:15,09:05,102
649,168,mercredi,1,08:15,09:05,
650,169,mercredi,1,08:15,09:05,
651,198,mercredi,1,08:15,09:05,
652,375,mercredi,1,08:15,09:05,214
653,376,mercredi,1,08:15,09:05,412
654,377,mercredi,1,08:15,09:05,
655,193,mercredi,1,08:15,09:05,<Gym>
656,193,mercredi,2,09:05,09:55,<Gym>
657,378,mercredi,1,08:15,09:05,<Gym>
658,378,mercredi,2,09:05,09:55,<Gym>
659,379,mercredi,1,08:15,09:05,<Gym>
660,379,mercredi,2,09:05,09:55,<Gym>
661,380,mercredi,1,08:15,09:05,<Gym>
662,380,mercredi,2,09:05,09:55,<Gym>
663,200,mercredi,1,08:15,09:05,
664,381,mercredi,1,08:15,09:05,
665,382,mercredi,1,08:15,09:05,
666,383,mercredi,1,08:15,09:05,
667,384,mercredi,1,08:15,09:05,
668,385,mercredi,1,08:15,09:05,
669,386,mercredi,1,08:15,09:05,
670,24,mercredi,1,08:15,09:05,
671,25,mercredi,1,08:15,09:05,
672,26,mercredi,1,08:15,09:05,
673,157,mercredi,1,08:15,09:05,
674,27,mercredi,1,08:15,09:05,
675,28,mercredi,1,08:15,09:05,
676,29,mercredi,1,08:15,09:05,
677,113,mercredi,1,08:15,09:05,
678,113,mercredi,2,09:05,09:55,
679,114,mercredi,1,08:15,09:05,
680,114,mercredi,2,09:05,09:55,
681,115,mercredi,1,08:15,09:05,
682,115,mercredi,2,09:05,09:55,
683,229,mercredi,1,08:15,09:05,
684,229,mercredi,2,09:05,09:55,
685,62,mercredi,1,08:15,09:05,
686,387,mercredi,2,09:05,09:55,105
687,373,mercredi,2,09:05,09:55,112
688,35,mercredi,2,09:05,09:55,201
689,89,mercredi,2,09:05,09:55,312
690,37,mercredi,2,09:05,09:55,
691,90,mercredi,2,09:05,09:55,
692,206,mercredi,2,09:05,09:55,107
693,42,mercredi,2,09:05,09:55,104
694,388,mercredi,2,09:05,09:55,
695,207,mercredi,2,09:05,09:55,213
696,168,mercredi,2,09:05,09:55,
697,277,mercredi,2,09:05,09:55,
698,122,mercredi,2,09:05,09:55,
699,190,mercredi,2,09:05,09:55,
700,209,mercredi,2,09:05,09:55,
701,375,mercredi,2,09:05,09:55,214
702,123,mercredi,2,09:05,09:55,404
703,389,mercredi,2,09:05,09:55,
704,194,mercredi,2,09:05,09:55,
705,390,mercredi,2,09:05,09:55,
706,382,mercredi,2,09:05,09:55,
707,383,mercredi,2,09:05,09:55,
708,384,mercredi,2,09:05,09:55,
709,385,mercredi,2,09:05,09:55,
710,386,mercredi,2,09:05,09:55,
711,391,mercredi,2,09:05,09:55,
712,392,mercredi,2,09:05,09:55,
713,393,mercredi,3,09:55,10:45,105
714,394,mercredi,3,09:55,10:45,204
715,6,mercredi,3,09:55,10:45,205
716,88,mercredi,3,09:55,10:45,112
717,35,mercredi,3,09:55,10:45,201
718,36,mercredi,3,09:55,10:45,312
719,130,mercredi,3,09:55,10:45,311
720,38,mercredi,3,09:55,10:45,
721,131,mercredi,3,09:55,10:45,409
722,395,mercredi,3,09:55,10:45,
723,41,mercredi,3,09:55,10:45,109
724,396,mercredi,3,09:55,10:45,
725,13,mercredi,3,09:55,10:45,213
726,14,mercredi,3,09:55,10:45,102
727,397,mercredi,3,09:55,10:45,
728,398,mercredi,3,09:55,10:45,
729,141,mercredi,3,09:55,10:45,
730,189,mercredi,3,09:55,10:45,
731,340,mercredi,3,09:55,10:45,207
732,47,mercredi,3,09:55,10:45,603
733,97,mercredi,3,09:55,10:45,
734,209,mercredi,3,09:55,10:45,
735,257,mercredi,3,09:55,10:45,
736,359,mercredi,3,09:55,10:45,
737,399,mercredi,3,09:55,10:45,
738,400,mercredi,3,09:55,10:45,<Gym>
739,401,mercredi,3,09:55,10:45,<Gym>
740,152,mercredi,3,09:55,10:45,
741,402,mercredi,3,09:55,10:45,
742,403,mercredi,3,09:55,10:45,
743,404,mercredi,3,09:55,10:45,
744,404,mercredi,4,11:00,11:50,
745,405,mercredi,3,09:55,10:45,
746,405,mercredi,4,11:00,11:50,
747,406,mercredi,3,09:55,10:45,
748,406,mercredi,4,11:00,11:50,
749,407,mercredi,3,09:55,10:45,
750,407,mercredi,4,11:00,11:50,
751,408,mercredi,3,09:55,10:45,
752,408,mercredi,4,11:00,11:50,
753,409,mercredi,3,09:55,10:45,
754,409,mercredi,4,11:00,11:50,
755,410,mercredi,3,09:55,10:45,
756,410,mercredi,4,11:00,11:50,
757,411,mercredi,3,09:55,10:45,
758,411,mercredi,4,11:00,11:50,
759,412,mercredi,3,09:55,10:45,
760,412,mercredi,4,11:00,11:50,
761,413,mercredi,3,09:55,10:45,
762,413,mercredi,4,11:00,11:50,
763,414,mercredi,3,09:55,10:45,<Gym>
764,414,mercredi,4,11:00,11:50,<Gym>
765,415,mercredi,3,09:55,10:45,<Gym>
766,415,mercredi,4,11:00,11:50,<Gym>
767,416,mercredi,4,11:00,11:50,
768,417,mercredi,4,11:00,11:50,
769,418,mercredi,4,11:00,11:50,
770,419,mercredi,4,11:00,11:50,
771,420,mercredi,4,11:00,11:50,
772,421,mercredi,4,11:00,11:50,
773,422,mercredi,4,11:00,11:50,
774,423,mercredi,4,11:00,11:50,
775,424,mercredi,4,11:00,11:50,
776,425,mercredi,4,11:00,11:50,
777,426,mercredi,4,11:00,11:50,
778,427,mercredi,4,11:00,11:50,
779,428,mercredi,4,11:00,11:50,
780,429,mercredi,4,11:00,11:50,
781,83,mercredi,4,11:00,11:50,204
782,351,mercredi,4,11:00,11:50,201
783,36,mercredi,4,11:00,11:50,312
784,130,mercredi,4,11:00,11:50,311
785,70,mercredi,4,11:00,11:50,107
786,398,mercredi,4,11:00,11:50,
787,430,mercredi,4,11:00,11:50,410
788,431,mercredi,4,11:00,11:50,301
789,432,mercredi,4,11:00,11:50,
790,403,mercredi,4,11:00,11:50,
791,176,mercredi,4,11:00,11:50,
792,152,mercredi,4,11:00,11:50,
793,294,mercredi,4,11:00,11:50,
794,126,mercredi,4,11:00,11:50,
795,433,mercredi,4,11:00,11:50,
796,434,mercredi,5,11:50,12:40,
797,435,mercredi,5,11:50,12:40,
798,436,mercredi,5,11:50,12:40,
799,437,mercredi,5,11:50,12:40,
800,438,mercredi,5,11:50,12:40,
801,439,mercredi,5,11:50,12:40,
802,440,mercredi,5,11:50,12:40,
803,441,mercredi,5,11:50,12:40,
804,442,mercredi,5,11:50,12:40,
805,443,mercredi,5,11:50,12:40,
806,444,mercredi,5,11:50,12:40,
807,445,mercredi,5,11:50,12:40,
808,446,mercredi,5,11:50,12:40,
809,447,mercredi,5,11:50,12:40,
810,448,mercredi,5,11:50,12:40,
811,449,mercredi,5,11:50,12:40,
812,450,mercredi,5,11:50,12:40,
813,451,mercredi,5,11:50,12:40,
814,452,mercredi,5,11:50,12:40,
815,453,mercredi,5,11:50,12:40,
816,454,mercredi,5,11:50,12:40,
817,455,mercredi,5,11:50,12:40,
818,456,mercredi,5,11:50,12:40,
819,457,mercredi,5,11:50,12:40,
820,458,mercredi,5,11:50,12:40,
821,459,mercredi,5,11:50,12:40,
822,460,mercredi,5,11:50,12:40,
823,461,mercredi,5,11:50,12:40,
824,462,jeudi,1,08:15,09:05,
825,463,jeudi,1,08:15,09:05,
826,68,jeudi,1,08:15,09:05,203
827,196,jeudi,1,08:15,09:05,311
828,320,jeudi,1,08:15,09:05,106
829,92,jeudi,1,08:15,09:05,109
830,17,jeudi,1,08:15,09:05,214
831,233,jeudi,1,08:15,09:05,301
832,279,jeudi,1,08:15,09:05,
833,464,jeudi,1,08:15,09:05,
834,465,jeudi,1,08:15,09:05,111
835,466,jeudi,1,08:15,09:05,
836,467,jeudi,1,08:15,09:05,
837,468,jeudi,1,08:15,09:05,
838,469,jeudi,1,08:15,09:05,
839,470,jeudi,1,08:15,09:05,
840,471,jeudi,1,08:15,09:05,
841,472,jeudi,1,08:15,09:05,
842,473,jeudi,1,08:15,09:05,
843,194,jeudi,1,08:15,09:05,
844,44,jeudi,1,08:15,09:05,
845,474,jeudi,1,08:15,09:05,102
846,24,jeudi,1,08:15,09:05,
847,25,jeudi,1,08:15,09:05,
848,26,jeudi,1,08:15,09:05,
849,157,jeudi,1,08:15,09:05,
850,27,jeudi,1,08:15,09:05,
851,28,jeudi,1,08:15,09:05,
852,29,jeudi,1,08:15,09:05,
853,227,jeudi,1,08:15,09:05,
854,228,jeudi,1,08:15,09:05,
855,158,jeudi,1,08:15,09:05,
856,229,jeudi,1,08:15,09:05,
857,287,jeudi,1,08:15,09:05,
858,288,jeudi,1,08:15,09:05,
859,289,jeudi,1,08:15,09:05,
860,475,jeudi,1,08:15,09:05,
861,290,jeudi,1,08:15,09:05,
862,476,jeudi,1,08:15,09:05,
863,477,jeudi,2,09:05,09:55,
864,478,jeudi,2,09:05,09:55,
865,479,jeudi,2,09:05,09:55,
866,480,jeudi,2,09:05,09:55,
867,84,jeudi,2,09:05,09:55,203
868,481,jeudi,2,09:05,09:55,202
869,6,jeudi,2,09:05,09:55,205
870,7,jeudi,2,09:05,09:55,112
871,69,jeudi,2,09:05,09:55,201
872,129,jeudi,2,09:05,09:55,312
873,161,jeudi,2,09:05,09:55,311
874,134,jeudi,2,09:05,09:55,106
875,120,jeudi,2,09:05,09:55,108
876,14,jeudi,2,09:05,09:55,102
877,256,jeudi,2,09:05,09:55,209
878,75,jeudi,2,09:05,09:55,405
879,482,jeudi,2,09:05,09:55,301
880,482,jeudi,3,09:55,10:45,301
881,342,jeudi,2,09:05,09:55,111
882,483,jeudi,2,09:05,09:55,
883,343,jeudi,2,09:05,09:55,
884,484,jeudi,2,09:05,09:55,
885,485,jeudi,2,09:05,09:55,
886,486,jeudi,2,09:05,09:55,
887,487,jeudi,2,09:05,09:55,
888,488,jeudi,2,09:05,09:55,
889,489,jeudi,2,09:05,09:55,
890,490,jeudi,2,09:05,09:55,
891,491,jeudi,2,09:05,09:55,
892,492,jeudi,2,09:05,09:55,
893,493,jeudi,2,09:05,09:55,
894,494,jeudi,2,09:05,09:55,
895,495,jeudi,2,09:05,09:55,
896,463,jeudi,2,09:05,09:55,
897,311,jeudi,2,09:05,09:55,
898,312,jeudi,2,09:05,09:55,
899,313,jeudi,2,09:05,09:55,
900,496,jeudi,2,09:05,09:55,
901,497,jeudi,2,09:05,09:55,
902,498,jeudi,2,09:05,09:55,
903,331,jeudi,2,09:05,09:55,
904,499,jeudi,2,09:05,09:55,<Gym>
905,499,jeudi,3,09:55,10:45,<Gym>
906,500,jeudi,2,09:05,09:55,<Gym>
907,500,jeudi,3,09:55,10:45,<Gym>
908,501,jeudi,3,09:55,10:45,
909,502,jeudi,3,09:55,10:45,
910,503,jeudi,3,09:55,10:45,
911,504,jeudi,3,09:55,10:45,
912,33,jeudi,3,09:55,10:45,203
913,273,jeudi,3,09:55,10:45,202
914,318,jeudi,3,09:55,10:45,112
915,351,jeudi,3,09:55,10:45,201
916,129,jeudi,3,09:55,10:45,312
917,196,jeudi,3,09:55,10:45,311
918,238,jeudi,3,09:55,10:45,106
919,240,jeudi,3,09:55,10:45,109
920,42,jeudi,3,09:55,10:45,104
921,505,jeudi,3,09:55,10:45,213
922,276,jeudi,3,09:55,10:45,102
923,16,jeudi,3,09:55,10:45,
924,506,jeudi,3,09:55,10:45,207
925,75,jeudi,3,09:55,10:45,405
926,170,jeudi,3,09:55,10:45,
927,358,jeudi,3,09:55,10:45,
928,389,jeudi,3,09:55,10:45,
929,507,jeudi,3,09:55,10:45,
930,508,jeudi,3,09:55,10:45,
931,509,jeudi,3,09:55,10:45,
932,510,jeudi,3,09:55,10:45,
933,511,jeudi,3,09:55,10:45,
934,486,jeudi,3,09:55,10:45,
935,487,jeudi,3,09:55,10:45,
936,488,jeudi,3,09:55,10:45,
937,489,jeudi,3,09:55,10:45,
938,490,jeudi,3,09:55,10:45,
939,491,jeudi,3,09:55,10:45,
940,492,jeudi,3,09:55,10:45,
941,493,jeudi,3,09:55,10:45,
942,494,jeudi,3,09:55,10:45,
943,495,jeudi,3,09:55,10:45,
944,496,jeudi,3,09:55,10:45,
945,497,jeudi,3,09:55,10:45,
946,498,jeudi,3,09:55,10:45,
947,331,jeudi,3,09:55,10:45,
948,512,jeudi,4,11:00,11:50,
949,513,jeudi,4,11:00,11:50,203
950,119,jeudi,4,11:00,11:50,
951,89,jeudi,4,11:00,11:50,312
952,161,jeudi,4,11:00,11:50,311
953,239,jeudi,4,11:00,11:50,107
954,275,jeudi,4,11:00,11:50,108
955,93,jeudi,4,11:00,11:50,104
956,96,jeudi,4,11:00,11:50,
957,208,jeudi,4,11:00,11:50,207
958,98,jeudi,4,11:00,11:50,214
959,304,jeudi,4,11:00,11:50,301
960,514,jeudi,4,11:00,11:50,
961,515,jeudi,4,11:00,11:50,
962,147,jeudi,4,11:00,11:50,
963,516,jeudi,4,11:00,11:50,
964,517,jeudi,4,11:00,11:50,
965,518,jeudi,4,11:00,11:50,
966,519,jeudi,4,11:00,11:50,
967,520,jeudi,4,11:00,11:50,
968,521,jeudi,4,11:00,11:50,
969,104,jeudi,4,11:00,11:50,
970,322,jeudi,4,11:00,11:50,
971,105,jeudi,4,11:00,11:50,
972,106,jeudi,4,11:00,11:50,
973,363,jeudi,4,11:00,11:50,
974,522,jeudi,4,11:00,11:50,
975,365,jeudi,4,11:00,11:50,
976,509,jeudi,4,11:00,11:50,
977,523,jeudi,4,11:00,11:50,
978,480,jeudi,4,11:00,11:50,
979,510,jeudi,4,11:00,11:50,
980,511,jeudi,4,11:00,11:50,
981,386,jeudi,4,11:00,11:50,
982,389,jeudi,4,11:00,11:50,
983,107,jeudi,4,11:00,11:50,
984,108,jeudi,4,11:00,11:50,
985,109,jeudi,4,11:00,11:50,
986,110,jeudi,4,11:00,11:50,
987,111,jeudi,4,11:00,11:50,
988,112,jeudi,4,11:00,11:50,
989,83,jeudi,5,11:50,12:40,204
990,34,jeudi,5,11:50,12:40,205
991,373,jeudi,5,11:50,12:40,112
992,10,jeudi,5,11:50,12:40,
993,188,jeudi,5,11:50,12:40,106
994,239,jeudi,5,11:50,12:40,107
995,275,jeudi,5,11:50,12:40,108
996,12,jeudi,5,11:50,12:40,109
997,190,jeudi,5,11:50,12:40,
998,524,jeudi,5,11:50,12:40,
999,123,jeudi,5,11:50,12:40,404
1000,252,jeudi,5,11:50,12:40,301
1001,525,jeudi,5,11:50,12:40,
1002,377,jeudi,5,11:50,12:40,
1003,507,jeudi,5,11:50,12:40,
1004,526,jeudi,5,11:50,12:40,
1005,527,jeudi,5,11:50,12:40,
1006,528,jeudi,5,11:50,12:40,
1007,529,jeudi,5,11:50,12:40,
1008,530,jeudi,5,11:50,12:40,
1009,531,jeudi,5,11:50,12:40,
1010,532,jeudi,5,11:50,12:40,
1011,363,jeudi,5,11:50,12:40,
1012,522,jeudi,5,11:50,12:40,
1013,365,jeudi,5,11:50,12:40,
1014,533,jeudi,5,11:50,12:40,
1015,534,jeudi,5,11:50,12:40,
1016,269,jeudi,5,11:50,12:40,
1017,504,jeudi,5,11:50,12:40,
1018,270,jeudi,5,11:50,12:40,
1019,475,jeudi,5,11:50,12:40,
1020,271,jeudi,5,11:50,12:40,
1021,535,jeudi,5,11:50,12:40,
1022,536,jeudi,5,11:50,12:40,
1023,227,jeudi,5,11:50,12:40,
1024,228,jeudi,5,11:50,12:40,
1025,158,jeudi,5,11:50,12:40,
1026,229,jeudi,5,11:50,12:40,
1027,235,jeudi,5,11:50,12:40,214
1028,62,jeudi,5,11:50,12:40,
1029,537,jeudi,6,12:40,13:30,
1030,538,jeudi,7,13:40,14:30,
1031,539,jeudi,7,13:40,14:30,
1032,480,jeudi,7,13:40,14:30,
1033,287,jeudi,7,13:40,14:30,
1034,540,jeudi,7,13:40,14:30,
1035,68,jeudi,7,13:40,14:30,203
1036,318,jeudi,7,13:40,14:30,112
1037,89,jeudi,7,13:40,14:30,312
1038,37,jeudi,7,13:40,14:30,
1039,164,jeudi,7,13:40,14:30,
1040,135,jeudi,7,13:40,14:30,107
1041,16,jeudi,7,13:40,14:30,
1042,122,jeudi,7,13:40,14:30,
1043,190,jeudi,7,13:40,14:30,
1044,170,jeudi,7,13:40,14:30,
1045,157,jeudi,7,13:40,14:30,
1046,541,jeudi,7,13:40,14:30,
1047,542,jeudi,7,13:40,14:30,
1048,261,jeudi,7,13:40,14:30,<Gym>
1049,261,jeudi,8,14:30,15:20,<Gym>
1050,262,jeudi,7,13:40,14:30,<Gym>
1051,262,jeudi,8,14:30,15:20,<Gym>
1052,543,jeudi,7,13:40,14:30,<Gym>
1053,543,jeudi,8,14:30,15:20,<Gym>
1054,544,jeudi,7,13:40,14:30,<Gym>
1055,544,jeudi,8,14:30,15:20,<Gym>
1056,545,jeudi,7,13:40,14:30,
1057,546,jeudi,7,13:40,14:30,
1058,547,jeudi,7,13:40,14:30,
1059,548,jeudi,7,13:40,14:30,105
1060,549,jeudi,7,13:40,14:30,
1061,270,jeudi,7,13:40,14:30,
1062,475,jeudi,7,13:40,14:30,
1063,550,jeudi,7,13:40,14:30,
1064,99,jeudi,7,13:40,14:30,
1065,535,jeudi,7,13:40,14:30,
1066,536,jeudi,7,13:40,14:30,
1067,156,jeudi,7,13:40,14:30,102
1068,178,jeudi,7,13:40,14:30,
1069,179,jeudi,7,13:40,14:30,
1070,180,jeudi,7,13:40,14:30,
1071,181,jeudi,7,13:40,14:30,
1072,182,jeudi,7,13:40,14:30,
1073,183,jeudi,7,13:40,14:30,
1074,551,jeudi,8,14:30,15:20,
1075,83,jeudi,8,14:30,15:20,204
1076,33,jeudi,8,14:30,15:20,203
1077,273,jeudi,8,14:30,15:20,202
1078,88,jeudi,8,14:30,15:20,112
1079,552,jeudi,8,14:30,15:20,205
1080,36,jeudi,8,14:30,15:20,312
1081,131,jeudi,8,14:30,15:20,409
1082,132,jeudi,8,14:30,15:20,
1083,164,jeudi,8,14:30,15:20,
1084,188,jeudi,8,14:30,15:20,106
1085,206,jeudi,8,14:30,15:20,107
1086,241,jeudi,8,14:30,15:20,213
1087,169,jeudi,8,14:30,15:20,
1088,97,jeudi,8,14:30,15:20,
1089,209,jeudi,8,14:30,15:20,
1090,17,jeudi,8,14:30,15:20,214
1091,553,jeudi,8,14:30,15:20,410
1092,554,jeudi,8,14:30,15:20,
1093,555,jeudi,8,14:30,15:20,
1094,104,jeudi,8,14:30,15:20,
1095,322,jeudi,8,14:30,15:20,
1096,105,jeudi,8,14:30,15:20,
1097,106,jeudi,8,14:30,15:20,
1098,107,jeudi,8,14:30,15:20,
1099,108,jeudi,8,14:30,15:20,
1100,109,jeudi,8,14:30,15:20,
1101,110,jeudi,8,14:30,15:20,
1102,111,jeudi,8,14:30,15:20,
1103,112,jeudi,8,14:30,15:20,
1104,346,jeudi,8,14:30,15:20,
1105,556,jeudi,8,14:30,15:20,
1106,557,jeudi,8,14:30,15:20,
1107,558,jeudi,8,14:30,15:20,
1108,559,jeudi,8,14:30,15:20,
1109,560,jeudi,8,14:30,15:20,
1110,561,jeudi,8,14:30,15:20,105
1111,562,jeudi,8,14:30,15:20,
1112,563,jeudi,9,15:20,16:10,
1113,564,jeudi,9,15:20,16:10,
1114,481,jeudi,9,15:20,16:10,202
1115,86,jeudi,9,15:20,16:10,205
1116,129,jeudi,9,15:20,16:10,312
1117,162,jeudi,9,15:20,16:10,
1118,274,jeudi,9,15:20,16:10,
1119,134,jeudi,9,15:20,16:10,106
1120,135,jeudi,9,15:20,16:10,107
1121,565,jeudi,9,15:20,16:10,<Gym>
1122,97,jeudi,9,15:20,16:10,
1123,553,jeudi,9,15:20,16:10,410
1124,431,jeudi,9,15:20,16:10,301
1125,566,jeudi,9,15:20,16:10,
1126,305,jeudi,9,15:20,16:10,309
1127,567,jeudi,9,15:20,16:10,
1128,568,jeudi,9,15:20,16:10,
1129,569,jeudi,9,15:20,16:10,
1130,570,jeudi,9,15:20,16:10,
1131,571,jeudi,9,15:20,16:10,
1132,572,jeudi,9,15:20,16:10,
1133,573,jeudi,9,15:20,16:10,105
1134,574,jeudi,9,15:20,16:10,
1135,178,jeudi,9,15:20,16:10,
1136,179,jeudi,9,15:20,16:10,
1137,180,jeudi,9,15:20,16:10,
1138,181,jeudi,9,15:20,16:10,
1139,182,jeudi,9,15:20,16:10,
1140,183,jeudi,9,15:20,16:10,
1141,152,jeudi,9,15:20,16:10,
1142,575,jeudi,10,16:10,17:00,
1143,576,jeudi,10,16:10,17:00,
1144,344,jeudi,10,16:10,17:00,
1145,197,jeudi,10,16:10,17:00,409
1146,274,jeudi,10,16:10,17:00,
1147,199,jeudi,10,16:10,17:00,
1148,577,jeudi,10,16:10,17:00,
1149,564,jeudi,10,16:10,17:00,
1150,345,jeudi,10,16:10,17:00,
1151,578,jeudi,10,16:10,17:00,
1152,579,jeudi,10,16:10,17:00,
1153,580,jeudi,10,16:10,17:00,
1154,581,jeudi,10,16:10,17:00,
1155,251,jeudi,10,16:10,17:00,
1156,582,vendredi,1,08:15,09:05,105
1157,273,vendredi,1,08:15,09:05,202
1158,34,vendredi,1,08:15,09:05,205
1159,583,vendredi,1,08:15,09:05,311
1160,90,vendredi,1,08:15,09:05,
1161,319,vendredi,1,08:15,09:05,
1162,319,vendredi,2,09:05,09:55,
1163,320,vendredi,1,08:15,09:05,106
1164,239,vendredi,1,08:15,09:05,107
1165,138,vendredi,1,08:15,09:05,109
1166,584,vendredi,1,08:15,09:05,
1167,585,vendredi,1,08:15,09:05,
1168,321,vendredi,1,08:15,09:05,
1169,61,vendredi,1,08:15,09:05,
1170,141,vendredi,1,08:15,09:05,
1171,277,vendredi,1,08:15,09:05,
1172,98,vendredi,1,08:15,09:05,214
1173,247,vendredi,1,08:15,09:05,111
1174,586,vendredi,1,08:15,09:05,<Gym>
1175,586,vendredi,2,09:05,09:55,<Gym>
1176,587,vendredi,1,08:15,09:05,<Gym>
1177,587,vendredi,2,09:05,09:55,<Gym>
1178,504,vendredi,1,08:15,09:05,
1179,540,vendredi,1,08:15,09:05,
1180,288,vendredi,1,08:15,09:05,
1181,289,vendredi,1,08:15,09:05,
1182,290,vendredi,1,08:15,09:05,
1183,212,vendredi,1,08:15,09:05,
1184,588,vendredi,1,08:15,09:05,
1185,589,vendredi,1,08:15,09:05,
1186,22,vendredi,1,08:15,09:05,
1187,404,vendredi,1,08:15,09:05,
1188,405,vendredi,1,08:15,09:05,
1189,406,vendredi,1,08:15,09:05,
1190,407,vendredi,1,08:15,09:05,
1191,408,vendredi,1,08:15,09:05,
1192,409,vendredi,1,08:15,09:05,
1193,410,vendredi,1,08:15,09:05,
1194,411,vendredi,1,08:15,09:05,
1195,398,vendredi,1,08:15,09:05,
1196,590,vendredi,1,08:15,09:05,
1197,591,vendredi,2,09:05,09:55,105
1198,68,vendredi,2,09:05,09:55,203
1199,273,vendredi,2,09:05,09:55,202
1200,34,vendredi,2,09:05,09:55,205
1201,373,vendredi,2,09:05,09:55,112
1202,164,vendredi,2,09:05,09:55,
1203,188,vendredi,2,09:05,09:55,106
1204,135,vendredi,2,09:05,09:55,107
1205,275,vendredi,2,09:05,09:55,108
1206,138,vendredi,2,09:05,09:55,109
1207,585,vendredi,2,09:05,09:55,
1208,321,vendredi,2,09:05,09:55,
1209,277,vendredi,2,09:05,09:55,
1210,74,vendredi,2,09:05,09:55,
1211,592,vendredi,2,09:05,09:55,
1212,375,vendredi,2,09:05,09:55,214
1213,593,vendredi,2,09:05,09:55,410
1214,525,vendredi,2,09:05,09:55,
1215,287,vendredi,2,09:05,09:55,
1216,540,vendredi,2,09:05,09:55,
1217,288,vendredi,2,09:05,09:55,
1218,289,vendredi,2,09:05,09:55,
1219,290,vendredi,2,09:05,09:55,
1220,212,vendredi,2,09:05,09:55,
1221,588,vendredi,2,09:05,09:55,
1222,589,vendredi,2,09:05,09:55,
1223,404,vendredi,2,09:05,09:55,
1224,405,vendredi,2,09:05,09:55,
1225,406,vendredi,2,09:05,09:55,
1226,407,vendredi,2,09:05,09:55,
1227,408,vendredi,2,09:05,09:55,
1228,409,vendredi,2,09:05,09:55,
1229,410,vendredi,2,09:05,09:55,
1230,411,vendredi,2,09:05,09:55,
1231,398,vendredi,2,09:05,09:55,
1232,61,vendredi,2,09:05,09:55,
1233,590,vendredi,2,09:05,09:55,
1234,594,vendredi,3,09:55,10:45,105
1235,595,vendredi,3,09:55,10:45,
1236,33,vendredi,3,09:55,10:45,203
1237,481,vendredi,3,09:55,10:45,202
1238,85,vendredi,3,09:55,10:45,
1239,86,vendredi,3,09:55,10:45,205
1240,7,vendredi,3,09:55,10:45,112
1241,351,vendredi,3,09:55,10:45,201
1242,129,vendredi,3,09:55,10:45,312
1243,196,vendredi,3,09:55,10:45,311
1244,162,vendredi,3,09:55,10:45,
1245,10,vendredi,3,09:55,10:45,
1246,163,vendredi,3,09:55,10:45,
1247,205,vendredi,3,09:55,10:45,106
1248,12,vendredi,3,09:55,10:45,109
1249,596,vendredi,3,09:55,10:45,
1250,74,vendredi,3,09:55,10:45,
1251,506,vendredi,3,09:55,10:45,207
1252,524,vendredi,3,09:55,10:45,214
1253,48,vendredi,3,09:55,10:45,
1254,593,vendredi,3,09:55,10:45,410
1255,173,vendredi,3,09:55,10:45,
1256,554,vendredi,3,09:55,10:45,
1257,597,vendredi,3,09:55,10:45,
1258,214,vendredi,3,09:55,10:45,111
1259,215,vendredi,3,09:55,10:45,
1260,216,vendredi,3,09:55,10:45,<Gym>
1261,217,vendredi,3,09:55,10:45,<Gym>
1262,218,vendredi,3,09:55,10:45,
1263,219,vendredi,3,09:55,10:45,
1264,220,vendredi,3,09:55,10:45,
1265,221,vendredi,3,09:55,10:45,
1266,222,vendredi,3,09:55,10:45,
1267,223,vendredi,3,09:55,10:45,
1268,224,vendredi,3,09:55,10:45,
1269,225,vendredi,3,09:55,10:45,
1270,226,vendredi,3,09:55,10:45,
1271,496,vendredi,3,09:55,10:45,
1272,497,vendredi,3,09:55,10:45,
1273,498,vendredi,3,09:55,10:45,
1274,331,vendredi,3,09:55,10:45,
1275,598,vendredi,3,09:55,10:45,
1276,599,vendredi,3,09:55,10:45,
1277,600,vendredi,4,11:00,11:50,105
1278,601,vendredi,4,11:00,11:50,205
1279,513,vendredi,4,11:00,11:50,203
1280,5,vendredi,4,11:00,11:50,
1281,318,vendredi,4,11:00,11:50,112
1282,36,vendredi,4,11:00,11:50,312
1283,39,vendredi,4,11:00,11:50,403
1284,239,vendredi,4,11:00,11:50,107
1285,11,vendredi,4,11:00,11:50,108
1286,41,vendredi,4,11:00,11:50,109
1287,602,vendredi,4,11:00,11:50,
1288,397,vendredi,4,11:00,11:50,
1289,340,vendredi,4,11:00,11:50,207
1290,48,vendredi,4,11:00,11:50,
1291,258,vendredi,4,11:00,11:50,301
1292,174,vendredi,4,11:00,11:50,
1293,566,vendredi,4,11:00,11:50,
1294,342,vendredi,4,11:00,11:50,111
1295,400,vendredi,4,11:00,11:50,<Gym>
1296,400,vendredi,5,11:50,12:40,<Gym>
1297,401,vendredi,4,11:00,11:50,<Gym>
1298,401,vendredi,5,11:50,12:40,<Gym>
1299,218,vendredi,4,11:00,11:50,
1300,219,vendredi,4,11:00,11:50,
1301,220,vendredi,4,11:00,11:50,
1302,221,vendredi,4,11:00,11:50,
1303,222,vendredi,4,11:00,11:50,
1304,223,vendredi,4,11:00,11:50,
1305,224,vendredi,4,11:00,11:50,
1306,225,vendredi,4,11:00,11:50,
1307,226,vendredi,4,11:00,11:50,
1308,53,vendredi,4,11:00,11:50,
1309,53,vendredi,5,11:50,12:40,
1310,54,vendredi,4,11:00,11:50,
1311,54,vendredi,5,11:50,12:40,
1312,603,vendredi,4,11:00,11:50,
1313,603,vendredi,5,11:50,12:40,
1314,56,vendredi,4,11:00,11:50,
1315,56,vendredi,5,11:50,12:40,
1316,57,vendredi,4,11:00,11:50,
1317,57,vendredi,5,11:50,12:40,
1318,58,vendredi,4,11:00,11:50,
1319,58,vendredi,5,11:50,12:40,
1320,604,vendredi,4,11:00,11:50,
1321,604,vendredi,5,11:50,12:40,
1322,605,vendredi,4,11:00,11:50,
1323,605,vendredi,5,11:50,12:40,
1324,599,vendredi,4,11:00,11:50,
1325,599,vendredi,5,11:50,12:40,
1326,234,vendredi,4,11:00,11:50,601
1327,235,vendredi,4,11:00,11:50,214
1328,606,vendredi,4,11:00,11:50,
1329,606,vendredi,5,11:50,12:40,
1330,607,vendredi,5,11:50,12:40,105
1331,608,vendredi,5,11:50,12:40,
1332,362,vendredi,5,11:50,12:40,
1333,481,vendredi,5,11:50,12:40,202
1334,6,vendredi,5,11:50,12:40,205
1335,609,vendredi,5,11:50,12:40,
1336,161,vendredi,5,11:50,12:40,311
1337,39,vendredi,5,11:50,12:40,403
1338,320,vendredi,5,11:50,12:40,106
1339,206,vendredi,5,11:50,12:40,107
1340,40,vendredi,5,11:50,12:40,108
1341,41,vendredi,5,11:50,12:40,109
1342,610,vendredi,5,11:50,12:40,
1343,208,vendredi,5,11:50,12:40,207
1344,47,vendredi,5,11:50,12:40,603
1345,75,vendredi,5,11:50,12:40,405
1346,170,vendredi,5,11:50,12:40,
1347,145,vendredi,5,11:50,12:40,
1348,272,vendredi,5,11:50,12:40,
1349,3,vendredi,5,11:50,12:40,
1350,4,vendredi,5,11:50,12:40,
1351,201,vendredi,5,11:50,12:40,
1352,202,vendredi,5,11:50,12:40,
1353,203,vendredi,5,11:50,12:40,
1354,234,vendredi,5,11:50,12:40,601
1355,235,vendredi,5,11:50,12:40,214
1356,330,vendredi,6,12:40,13:30,
1357,611,vendredi,7,13:40,14:30,105
1358,269,vendredi,7,13:40,14:30,
1359,523,vendredi,7,13:40,14:30,
1360,612,vendredi,7,13:40,14:30,205
1361,373,vendredi,7,13:40,14:30,112
1362,35,vendredi,7,13:40,14:30,201
1363,9,vendredi,7,13:40,14:30,403
1364,197,vendredi,7,13:40,14:30,409
1365,162,vendredi,7,13:40,14:30,
1366,613,vendredi,7,13:40,14:30,
1367,10,vendredi,7,13:40,14:30,
1368,238,vendredi,7,13:40,14:30,106
1369,275,vendredi,7,13:40,14:30,108
1370,240,vendredi,7,13:40,14:30,109
1371,294,vendredi,7,13:40,14:30,
1372,276,vendredi,7,13:40,14:30,102
1373,122,vendredi,7,13:40,14:30,
1374,256,vendredi,7,13:40,14:30,209
1375,375,vendredi,7,13:40,14:30,214
1376,123,vendredi,7,13:40,14:30,404
1377,244,vendredi,7,13:40,14:30,410
1378,614,vendredi,7,13:40,14:30,
1379,615,vendredi,7,13:40,14:30,
1380,194,vendredi,7,13:40,14:30,
1381,616,vendredi,7,13:40,14:30,
1382,101,vendredi,7,13:40,14:30,
1383,509,vendredi,7,13:40,14:30,
1384,270,vendredi,7,13:40,14:30,
1385,475,vendredi,7,13:40,14:30,
1386,550,vendredi,7,13:40,14:30,
1387,535,vendredi,7,13:40,14:30,
1388,536,vendredi,7,13:40,14:30,
1389,412,vendredi,7,13:40,14:30,
1390,412,vendredi,8,14:30,15:20,
1391,413,vendredi,7,13:40,14:30,
1392,413,vendredi,8,14:30,15:20,
1393,496,vendredi,7,13:40,14:30,
1394,497,vendredi,7,13:40,14:30,
1395,498,vendredi,7,13:40,14:30,
1396,331,vendredi,7,13:40,14:30,
1397,617,vendredi,7,13:40,14:30,<Gym>
1398,617,vendredi,8,14:30,15:20,<Gym>
1399,618,vendredi,7,13:40,14:30,<Gym>
1400,618,vendredi,8,14:30,15:20,<Gym>
1401,619,vendredi,8,14:30,15:20,105
1402,620,vendredi,8,14:30,15:20,
1403,621,vendredi,8,14:30,15:20,205
1404,7,vendredi,8,14:30,15:20,112
1405,69,vendredi,8,14:30,15:20,201
1406,622,vendredi,8,14:30,15:20,
1407,130,vendredi,8,14:30,15:20,311
1408,9,vendredi,8,14:30,15:20,403
1409,132,vendredi,8,14:30,15:20,
1410,134,vendredi,8,14:30,15:20,106
1411,136,vendredi,8,14:30,15:20,108
1412,46,vendredi,8,14:30,15:20,102
1413,243,vendredi,8,14:30,15:20,
1414,198,vendredi,8,14:30,15:20,
1415,256,vendredi,8,14:30,15:20,209
1416,376,vendredi,8,14:30,15:20,412
1417,623,vendredi,8,14:30,15:20,309
1418,247,vendredi,8,14:30,15:20,111
1419,624,vendredi,8,14:30,15:20,
1420,311,vendredi,8,14:30,15:20,
1421,625,vendredi,8,14:30,15:20,
1422,626,vendredi,8,14:30,15:20,
1423,486,vendredi,8,14:30,15:20,
1424,487,vendredi,8,14:30,15:20,
1425,488,vendredi,8,14:30,15:20,
1426,489,vendredi,8,14:30,15:20,
1427,627,vendredi,8,14:30,15:20,
1428,491,vendredi,8,14:30,15:20,
1429,492,vendredi,8,14:30,15:20,
1430,493,vendredi,8,14:30,15:20,
1431,494,vendredi,8,14:30,15:20,
1432,495,vendredi,8,14:30,15:20,
1433,158,vendredi,8,14:30,15:20,
1434,330,vendredi,8,14:30,15:20,
1435,578,vendredi,8,14:30,15:20,
1436,628,vendredi,8,14:30,15:20,
1437,629,vendredi,8,14:30,15:20,
1438,630,vendredi,9,15:20,16:10,
1439,631,vendredi,9,15:20,16:10,
1440,318,vendredi,9,15:20,16:10,112
1441,69,vendredi,9,15:20,16:10,201
1442,632,vendredi,9,15:20,16:10,
1443,196,vendredi,9,15:20,16:10,311
1444,133,vendredi,9,15:20,16:10,
1445,238,vendredi,9,15:20,16:10,106
1446,155,vendredi,9,15:20,16:10,
1447,303,vendredi,9,15:20,16:10,209
1448,430,vendredi,9,15:20,16:10,410
1449,633,vendredi,9,15:20,16:10,309
1450,214,vendredi,9,15:20,16:10,111
1451,624,vendredi,9,15:20,16:10,
1452,311,vendredi,9,15:20,16:10,
1453,625,vendredi,9,15:20,16:10,
1454,626,vendredi,9,15:20,16:10,
1455,486,vendredi,9,15:20,16:10,
1456,487,vendredi,9,15:20,16:10,
1457,488,vendredi,9,15:20,16:10,
1458,489,vendredi,9,15:20,16:10,
1459,627,vendredi,9,15:20,16:10,
1460,491,vendredi,9,15:20,16:10,
1461,492,vendredi,9,15:20,16:10,
1462,493,vendredi,9,15:20,16:10,
1463,494,vendredi,9,15:20,16:10,
1464,495,vendredi,9,15:20,16:10,
1465,264,vendredi,9,15:20,16:10,
1466,265,vendredi,9,15:20,16:10,
1467,266,vendredi,9,15:20,16:10,
1468,267,vendredi,9,15:20,16:10,
1469,227,vendredi,9,15:20,16:10,
1470,228,vendredi,9,15:20,16:10,
1471,158,vendredi,9,15:20,16:10,
1472,229,vendredi,9,15:20,16:10,
1473,634,vendredi,10,16:10,17:00,
1474,243,vendredi,10,16:10,17:00,
1475,15,vendredi,10,16:10,17:00,
1476,391,vendredi,10,16:10,17:00,
1477,392,vendredi,10,16:10,17:00,
1478,635,vendredi,10,16:10,17:00,
